movie_id,reviewer,rating,content,time
1293172,单线程青年,5,不偏袒的好片儿！一个进自己原来的宫殿还要买票的皇帝。,2008-03-24 09:06:17
1293172,囍夭夭,4,所有的离开你都赶不上，所有的门你都打不开。所有的人都是撒谎者。,2010-06-05 22:48:40
1293172,Over5,5,有史以来一部最地道最出色的中国电影，居然，Made By Italian～,2007-02-24 00:14:41
1293172,托尼·王大拿,5,"尽管看一群中国人在屏幕上讲英语很是奇怪，但不能否认这是部出色的电影：它与国家无关，与王朝无关，这只是一个渴望自由却不得的人的编年史；""门""的意象被反复提及，寓意溥仪被禁闭的一生；贝托鲁奇娴熟的运镜，要人命的广角自然光，美妙的配乐。",2011-03-21 16:43:30
1293172,疯眼穆迪,5,我觉得对于一个外国人拍的中国人物传记来说，它最可贵的不是那些对比强烈的色彩和镜头，而是他的态度，他对这个人物的理解，他并没有评判什么但是他把故事默默地摆在那里，到结束，你会一时觉得心情复杂，而且更重要的一点是，电影里不仅仅塑造了溥仪一个角色，而是通过细节也讲述了围绕着他的一些人的沧桑，这对于一个外国人来说，我觉得异常珍贵。虽然还是有些次要人物显得有些脸谱化，呵呵。。。CC版本，3小时38分。。。,2008-04-09 16:30:40
1293172,西楼尘,4,他痛哭流涕追阿毛、失魂落魄追婉容，但始终追不回那昔日辉煌的时代。他反抗太监偷窃文物、反抗日本傀儡操控，但终究反抗不了自己跌宕唏嘘的命运。他做了一辈子囚徒，在紫禁城在满洲国在抚顺管教所。终于买了张观光票，在赤色余晖中蹒跚进入太和殿。须臾一世，只有那皇座下藏着的蟋蟀，还认得他是帝王。,2017-08-06 23:17:39
1293172,影志,5,极致的美，极致的伤。音乐太灵，画面太精，原来早在1987年，外国导演就早于《活着》《霸王别姬》把20世纪中国历史拍的如此炉火纯青了…“我从未和家人分开过” 额娘，阿嬷，婉容，庄士敦，溥杰，皇宫…溥仪的一生都在告别，跟亲人，跟时代，跟历史，身不由己。@上海国际电影节 4k修复版,2015-06-20 18:33:54
1293172,Q。,4,溥仪只是那个大时代里一个无法左右自己命运的小人物，注定在历史洪流中成为悲剧人物。……贝托鲁奇并没有洋洋洒洒的去讲溥仪的故事与中国的历史，而是选择了一个独特的视角来看待末代皇帝的人生。只是……紫禁城太监还有皇帝与皇妃在后宫都是一口英文……★★★★☆,2010-07-18 20:54:24
1293172,同志亦凡人中文站,5,贝托鲁奇镜头下的中国始终是存在于他想象中的红色国度。电影拍得过于西化了，但讨巧的用溥仪的命运承载了近半个世纪中国的变迁，进而阐释人与命运对抗的古希腊悲剧主题。如果说人的一生是不断失去的过程，溥仪无疑是失去最多的，因为他曾经拥有整个中国...,2012-06-25 22:33:44
1293172,周游雪场,4,喜欢尊龙。他把溥仪演的太好了。事实上溥仪哪里值得那么多同情呢，他的一生在不幸中成就了大幸，在那个乱世里，他比几乎所有人都过得要好，过着国宝大熊猫的生活。他做错了的事，有人代为受过。他没有的气节和美感，还有人演出来赐给他,2017-12-31 00:37:07
1293172,Mignon松弛地,4,作为一个外国导演不可能拍得更好了，但我是一个中国人。,2008-07-14 21:05:09
1293172,木卫二,5,这不是你的错……这真的不是你的错。或许隔着银幕来看，溥仪的人生遭遇令人唏嘘，然而，比起前朝旧史的末代君王们，他这个退位皇帝已经算是得善终了。,2006-04-15 17:42:11
1293172,邓安庆,5,太寂寞太寂寞了，这样一个孩子从小到大都是寂寞的，好不容易有一点儿亲情、爱情、友情，很快都被剥夺掉了。他因为寂寞而衍生出的种种行为都挫败了，最终给他带来更深的寂寞感。这也是看了这么多遍，依旧这么打动我的地方吧。真是从一开始音乐一起就难过得不行。,2016-04-23 16:05:15
1293172,南笙,4,26岁的陈冲真是美得叫人目瞪口呆,2013-01-07 22:57:44
1293172,A-sun*,5,"光影，音乐，及每一个具有寓意的表现手法都不用再多作笔墨褒赏，极惊讶导演对溥仪这个人的解读以至于成就这部电影所呈现的态度，把整个故事说完，尔后留观者独自在唏嘘。那个关于""门""的意象完全表现了溥仪近乎悲剧的一生，作为一个小孩，他却自幼被禁锢;作为一个皇帝，却沦为时代的牺牲品。",2011-05-23 02:30:54
27060077,根,4,肯德基年度推广大电影,2019-03-01 14:36:16
27060077,JulyChan,未评分,我这个鄙俗粗蛮的小可爱就要撬开您那森严优雅而又防备的世界。,2019-01-14 12:47:12
27060077,同志亦凡人中文站,4,肤色、阶层、性格和性取向天差地远的两个男人，因为音乐而结缘，因为公路旅行而成为一生朋友。有时候才华并不够，还需要勇敢，推倒心中那面墙才能开门见山。电影就像一颗绿色小石子，投入黑白分明的美国社会，激起轻小而美丽的涟漪。虽然有刻意营造的温暖感，但我就是愿意买单~！,2018-12-07 13:36:05
27060077,LOOK,3,2.5  拿着编剧指南手册写出来的剧本，套路又套路，配方又配方。莫滕森演得是很好，但一看就不是意大利人。,2019-02-20 22:44:32
27060077,西楼尘,4,赶走偏见不是靠鸣枪，赢得尊重不是靠拳头。为了如厕宁可折返，为了用餐甘愿罢演，受到霸凌不视为侮辱而视为考验，受到恩惠不视为荣耀而视为耻辱。南方劳作的黑奴看到路边的他衣冠楚楚，如同一个预言。一家上流餐厅，一间宽敞厕所，一个高档试衣间都没能容纳下的东西，却装进了一方绿色车厢，勇敢上路。,2019-02-24 22:23:33
27060077,影志,4,“世界上孤独的人都害怕迈出第一步” 从最开始的矛盾抵触、到被迫站到一边慢慢调和、甚至最后的惺惺相惜，这不是一趟抛开歧视的旅途，而是两个孤独的人从彼此身上看到另一个世界，一个更真实的世界。纵使有太多不同，种族的、阶层的、贫富的，都可以在这一场春风化雨、淡入心灵的结伴同行中，化干戈为玉帛。“爱上你是件毫不费事的事情”、“如果我不够白，也不够gay，又不够男人，那么你告诉我，我到底是谁”…唐·谢利为托尼口述如初恋般的情书，托尼教唐接地气的吃鸡，并在小镇里彼此解围，最伟大的友谊不过如此。根据真实故事改编，可爱精致的友情小品，美国版《触不可及》，今年奥斯卡最佳影片锁定它了。“谢谢你把丈夫分享给我”,2019-01-13 22:06:44
27060077,亵渎电影,4,这部电影的厉害之处就是剧本扎实，在人物塑造和细节上非常出彩。这趟一路向南的旅程到最后也不能让Dr. Don Shirley证明自己在白人心中的地位，他身陷孤独境地也没人帮得了他，除非他自己跟自己和解，自己去完成一场关于自我的救赎。它并没有刻意说教的去讲什么，但每个人都能从中看到不同时代某些群体的遭遇，不仅仅是黑人和白人这么简单。这部电影的主题正如片中那句点睛的台词所说的，因为天才还不够，唯有勇气才能改变人心，而这就是一部关于勇气和改变的电影。虽然是非常套路化的公路片，拍的却是异常的温暖，剧本非常加分，应该会拿今年奥斯卡的最佳原创剧本吧。★★★★,2019-01-14 16:20:07
27060077,陈大希,5,让人印象最深的片段是他们的车在南部的乡间小路上抛锚，和田里劳作的黑奴对视的那一幕，无声却发出巨响。,2019-01-13 11:39:48
27060077,谢飞导演,4,完成度很高的公路喜剧片，亮点在于人物塑造完整和细节使用精彩，剧作与表演堪称杰出。创造灵感来自于真人真事，为表达主题做了艺术虚构与夸张，听说真人的后代对此有意见及争论。艺术作品不是历史，我以为无可厚非。,2019-02-07 09:43:20
27060077,朝暮雪,5,"肤色对调版《触不可及》，一场跨越美国的公路之旅，更是一场跨越种族与肤色、身份与阶层的人性之旅。
所有下属都对唐毕恭毕敬，唯有托尼把他当普通人对待，给他吃炸鸡、对他说出真实想法。
不把他当成黑人，才是真正不歧视他的表现。
另一方面，唐又受到外人的歧视和侮辱，他始终忍气吞声，低声下气。
听他演奏的观众可以在餐厅吃饭，而他作为表演者却不可以。
正是托尼教会他反击，教会他为自己发声、捍卫自己的权利和尊严。
在所谓“高级的、尊贵的”场所受到不平等待遇，反而在“低端的、卑微的”黑人酒吧获得尊重和支持，实在太讽刺。
天才是不够的，唯有勇气才能改变人心。既然他都不考虑你的感受，你又何必照顾他的情绪呢？
忍一时得寸进尺，退一步变本加厉。暴力不能让你赢得什么，但懦弱永远都是输家。
正面对抗生活的恶意，才能战胜恶意。",2019-01-17 11:49:44
27060077,桃桃林林,4,属于那种轻松又好看的电影，故事也比较简单感人。整体还是公路片的方式，借旅途，将这两个不同肤色、不同阶层、不同文化背景的人，联系到一起，从固有的印象到逐渐和解。我们愿意相信这样的故事，是因为，我们希望人和人之间真的能保有起码的善良、理解和平等，这是种美好愿望。包括为黛西小姐开车、触不可及等片子也都是如此。,2019-02-20 13:52:16
27060077,Rocrw,5,绝对是今年tiff我看过的最有意思的一部电影，全场笑声掌声就没停过。节奏欢快，情节有趣又不失深度。V叔扮演的来自Bronx街头的意大利裔司机和Ali扮演的受高等教育的黑人音乐家碰撞出令人惊喜的火花，二人从纽约一路向南巡演，然而越向南种族歧视也越来越严重。导演用一种巧妙的角度向观众展示了当时的不公以及音乐家内心的纠葛。尽管他从小就在不同的重要场合表演，然而最尽兴的一次却是在圣诞前夕的一个黑人小酒吧。他最终选择了为自己发声，不再对歧视屈服。结局温馨感人，着实是一部好电影。,2018-09-12 08:48:30
27060077,StarlightRiver,5,"Mahershala說片子里某個根本不會被人注意到的佈景里的某塊石頭或許就是V撿的。他說V在拍攝的時候，一直留心撿很漂亮的石頭，撿到了就拿給導演說：看，把這塊石頭放在背景里會有多好看
說到電影里的部分，他可能增肥了有二三十斤，從來沒見過他有那麼大的肚腩（現在似乎已經減回來了）。今天在看V表演時，大部分的時間，我忘了他是Viggo，他就是那樣一個沒文化又油滑、滿嘴跑火車的司機。
僅僅偶爾偶爾有幾個他不說話、只抽煙的鏡頭，鼻孔一噴白霧，就那麼一瞥，卻還像是十幾年前、《東方的承諾》里那個冷酷無情的殺手。
今天導演說He’s a great person before he’s a great actor. 這麼多年了，還是一直一直都沒變啊。",2018-09-12 18:49:33
27060077,frozenmoon,4,从某个角度去看，种族题材是皮，身份认同的探讨却是瓤，或者，换句话说，身份认同是另一种内化的、更加深层的种族疑惑。这种疑惑也被分担在了司机身上，那个白人司机也是移民，来自于意大利，他与黑人成为了一种怪异的镜像，他爱吃“黑人的食物”，对电台中所有黑人歌手和流派如数家珍。音乐家是被家人和环境要求努力成为一个内在的白人，他是被外力篡改的，而司机却是随性的，自我的。有人从粗俗变得文明，而有人从文明的桎梏中解脱重获自由。原本的主仆变成了彼此的师生。矫正是意外降临的，润物无声解放彼此。,2019-03-15 13:47:23
27060077,外出偷狗,5,你知道这个故事要讲什么，你也知道这段旅程会经历什么。你明白这其中并不会触及什么过于深刻的东西，却也展示了许多直白，你明白身份是每个人无法避开的东西，也知道相互理解是多么难得。你会自然地喜欢这些描写得并不太像真实人物的角色，你会跟着那些好笑或其实并不太好笑的片段笑出声来。或许也只是将发笑作为第一反应来化解或掩藏其他的感受。你知道故事和片名说的绿皮书关系其实不算大，你也大概没有想到自己会喜欢这部影片。,2018-12-09 23:45:34
26580232,Enigma,5,其实这种多重反转的电影很容易bug频出，但是这部完成度太高了，质感和小细节都相当漂亮。导演对后半程的解密把控地相当出色，直接让观感上升了一个level。西班牙的悬疑片总是给人惊喜。（猜到反转并不是多了不起的事，请不要在悬疑片短评区剧透好吗，靴靴。）,2017-03-20 19:12:01
26580232,影志,5,现在能有意外结局还让人颠覆的故事，真的很难得了。结局半小时的反转再反转，能自圆其说，能刷新认识，能大呼过瘾，对一部悬疑推理片来说已经完成的相当漂亮。不会苛求太多，这样的故事和设定已经满足。,2017-03-25 23:15:50
26580232,Andrea,5,好看，强烈推荐。问题是如此重要的辩护人竟然不是当面引荐的。,2017-03-24 23:00:56
26580232,frozenmoon,4,律师是假扮的这个梗其实倒是不难猜。不过这不是重点。重点在于“叙述”和“真相”的关系。在缺乏物证链条的基础上，男主的每一次叙述其实都是自洽且成立的，但或许也都不是真的。这一点才真的引人深思。我们所认定和掌握的真相，又有多少是被叙述掌控的呢？,2017-03-28 19:37:50
26580232,Indecent time,5,“男主玩家的言论真是无懈可击，可惜我是预言家，你已经被我查杀了，你自爆不自爆”,2017-04-25 23:43:43
26580232,大島,4,西班牙人太热情了 在我们这房间里叫破喉咙都没人理的,2017-09-04 22:23:42
26580232,Panda的影音,5,2015年看的《罪恶之家》，2016年看的《完美陌生人》，2017年看的《看不见的客人》，共通之处就是利用剧作上的巧合和人性的叵测，将一个充满黑色悬疑的精彩故事有条不紊地讲述出来，虽然过程中猜测出女律师古德曼的身份，但劳拉却没像预测那般来个《大卫·戈尔的一生》式自我救赎……人言可畏亦难信？！—— 2017.06.22 上海 和平影都（ATMOS厅）：作为一部充满各种细节说辞的犯罪嫌疑片，本片确实编排得相当出色，但为了让故事得以顺利发展，逻辑上难免会有一些不够说服我的小不足，但整体还是编排得相当精彩……然后电影院的放映设备也更能让我注意到制作上的用心，声效够大，座椅都有震动，挺带感……,2017-03-24 23:32:21
26580232,обломов,3,比较一般，如果男主是策划一切的人，他根本不会如此相信一个素未谋面的人,2017-03-23 21:07:40
26580232,天朝小蚂蚁,5,让观众最难忍的是，当得知自己儿子没有死并被推下湖的时候，这位妈妈忍住了,2022-10-23 19:05:39
26580232,文泽尔,5,调度上有种将阿加莎小说当代化的直感 谷仓之冰和密室的三重解答亦是对黄金时代的致敬 拍推理片需要的是娓娓道来 不急不缓的叙述 以及临近收尾时暴风骤雨般地揭晓真相 本片都做到了 虽然对于非脸盲症而言这个最早来自莎士比亚的诡计略显累赘 讲义系列若拍成电影 要的也是这种感觉,2017-03-29 17:54:02
26580232,jiyun,5,记得拉窗帘！,2017-04-02 21:35:24
26580232,喜悦之地,5,2016最佳，好久没看这种过山车式悬疑片了,2017-03-22 13:59:53
26580232,子酉,3,一部片检验脸盲症发病率。,2017-03-26 13:44:35
26580232,亚比煞,5,精彩的本子。最后的反转倒不难，难在多重结构的编织，对话环环相扣，很不好写，特别容易出bug，这个编剧完成的很漂亮。,2017-07-12 23:06:28
26580232,Fornever,4,好看。另外建议豆瓣给「我看了七分钟就猜到结局」的观众准备彩蛋，他们是推动电影业进步的动力，值得满屏掉落大拇指。,2017-04-02 16:44:27
1306249,寂地,4,"哈哈哈.其实我是周星星FANS,心情不好看他的电影会边开朗.这个看了好多次了.一群人一起看最好玩.",2006-01-03 08:46:29
1306249,大头绿豆,4,电视上常常重播这部，真奇怪。,2005-09-12 20:11:20
1306249,missfaye,4,小时候看一次笑崩一次,2005-12-13 23:14:43
1306249,犀牛,4,"只为了“比比谁惨”那一段，就已是经典。
还有FLASH的经典《阴天》版，",2006-03-17 22:25:37
1306249,趙小漁,5,可以忽略秋香……,2008-05-23 21:46:28
1306249,要早睡啊minami,4,N遍,2009-03-27 22:15:15
1306249,enthusiast,5,经典中的经典,2006-04-22 02:56:54
1306249,老鸡｜扶立,4,就是搞笑,2008-01-10 16:54:33
1306249,粉堕百花洲,4,百看不厌，巩俐戏路很宽的，从粗糙农妇到霸气皇后无违和感，秋香这样的角色也能胜任。,2018-04-02 16:46:26
1306249,momo,5,老少咸宜的经典喜剧。巩俐好美啊。,2018-03-06 18:33:00
1306249,多看电影爱电影,5,周星驰鼎盛时期的电影没啥好说的！全五星好评！另外，还有彩蛋，萱萱有演秋香的侍女。,2017-03-01 09:51:42
1306249,东方既白,5,别人笑我太疯癫，我笑他人看不穿。不见五陵豪杰墓，无花无酒锄作田。,2018-04-03 08:45:14
1306249,朝暮雪,4,20年前的喜剧片不仅仅是喜剧，还有深度。,2012-08-18 01:45:18
1306249,焰熠,4,蟑螂因为这部电影从此别名小强。还有阮琼丹真是为星爷奉献了多少次丑角 不开心的时候就来看。看完心情超好,2018-04-08 13:32:12
1306249,欣欣向荣,4,周星驰的电影都很好看，也可能是配音好，周星驰的御用配音我感觉真的加分不少。,2018-03-10 10:28:43
2353023,THE M,5,哇哇哇好看 那龙的原型绝对是一猫,2010-03-28 23:33:23
2353023,玻璃被子,5,我觉得今年其他的动画片可以不要演了,2010-03-29 07:03:20
2353023,with,4,和谐的生活离不开摸头与被摸头,2010-05-18 20:31:14
2353023,shell ❤ キリンさん。,4,妙蛙种子龙。。呜哇,2010-03-29 00:22:19
2353023,影志,5,“和谐的生活离不开摸头与被摸头。”《驯龙高手》的优秀足以证明皮克斯动画并不是不可超越。,2010-05-18 21:25:00
2353023,哪吒男,4,这根本不是驯龙，这分明就是谈恋爱！,2017-01-23 14:50:01
2353023,Yolanda,5,没牙的本质是只狗,2010-05-30 19:24:23
2353023,Q。,4,虽然没有皮克斯那么有深度，故事情节也略显老套，但是好的电影就是能让观众沉浸其中，不管是用画面用音乐还是用其他的。错过档期没去电影院看3D只能说是一种遗憾，还好720p的效果也十分的赞，这应该是我今年到目前看过最好的一部动画片。★★★★☆,2010-10-05 04:56:57
2353023,TORO VAN DARKO,4,90分钟绝不冷场愉悦刺激的观影体验！3D技术的进步更是锦上添花~恰到好处的笑料，让人爱不释手的角色，精准传达的主题，精彩的动作场面，都是此片绝对值得推荐的理由。遗憾的是仍有缺陷，使影片仍算不上完美。,2010-04-02 04:12:55
2353023,张小北,4,自《阿凡达》之后最愉快的3D电影观影体验。,2010-05-16 01:25:04
2353023,tintin76,4,剧情有点颠覆，台词狠搞笑，3d可要可不要,2010-03-18 11:08:45
2353023,江尹,4,好看，就是男性第一性女性第二性的细节太多了,2023-11-21 18:54:47
2353023,Doublebitch,5,“没牙”真可爱呀真可爱~,2010-04-16 21:32:35
2353023,宁宁,4,动画还是要看梦工场~,2010-03-30 12:06:26
2353023,spencer,5,酷酷的小龙外表下，是一只大型宠物犬的个性。,2010-05-14 22:41:35
1303037,影志,5,“妈，同性恋的人能够在各方面合得来凑合在一起生活，非常不容易。所以我跟赛门都很珍惜对方。” 李安总能在边缘和传统之间找到恰到好处的平衡点，然后双双将我们击溃。,2005-11-09 04:58:09
1303037,劳永逸,5,父亲在片尾过安检的时候最终还是举起了双手。,2011-06-09 20:31:58
1303037,ryanking1219,4,这片在20年前是多么得前卫出格阿！！,2012-11-23 22:07:48
1303037,米粒,5,李安那句酱油台词太霸道了，大家都没捅破的窗户纸就这样被他。。。可能是编剧有外国人的缘故，台词有点心灵鸡汤啊，不过一切都很完美，喜欢归亚蕾的表演，赵文瑄也确实巨小受哈哈哈。爸爸才是终极boss，不要小看爸爸！懂外语就是王道啊~~~感人的好片,2011-09-09 12:51:53
1303037,小V,5,看到房间号1069我的玻璃心碎了一地...,2012-11-24 01:06:28
1303037,放开那个浪味仙,5,李安总是善于在西方的文化背景下表现中国文化的细枝末节。被放大致喜剧形式所表现的那场中国婚宴，反讽了中国文化中对于性的压抑…而中国最传统的家庭、家族理念，也在这一场假结婚的风波中进一步深化。隐忍的情感，家庭中的冲突，最终在爱与理解中得到化解。接受了一切向前走，这终是一场喜宴。,2011-10-21 16:38:23
1303037,黄青蕉,5,李安自己在里面演路人甲划重点敲可爱！“让你们见识一下中国人五千年的性压抑”哈哈哈哈哈哈,2016-06-10 00:07:21
1303037,Connie,5,赵文瑄处女作这个程度，让人惊叹,2006-01-18 22:02:21
1303037,核仁烤排骨,2,这一家人能不能放过女人啊！！！五千年性压抑的结果就是无限压榨女性吗？！他爸骗婚也就罢了居然还想骗两代人，说什么装傻才能抱孙子呢恶心死人了！！热评有事吗都？结婚是为了繁衍后代？？下次给你安八个子宫让你同时给八个gay代孕这福气你要不要啊？理解当时创作环境不能对骗婚有太深刻的理解但不好意思新时代到了我就要去批判！！都说性向是天生的弯的既然不可能直那我希望各位还想着骗婚代孕的gay想明白了老天爷给这个性取向你就注定断子绝孙永远别再变着法的想着打女人子宫的注意！！,2021-02-07 07:48:24
1303037,打蚊子的科学家,5,能把直男变弯，弯男变直的好片子。。。,2012-11-23 20:51:37
1303037,哪吒男,5,《喜宴》最好的地方在于拍成了喜剧片，而且真的能让人笑出来，如果板着脸讲这个故事，说不定就味同嚼蜡了。这么多年李安对于乖乖仔的审美一直都没什么变化，从赵文瑄到托比·马奎尔、王力宏和比利林恩，他就是喜欢五官深邃且人畜无害的大男孩。,2016-11-12 01:23:42
1303037,A。,5,昨晚看李安的采访，他说「在变化得太快的社会中，孝道该何去何从。人好像只能去接受和追赶这些变化，其实是很无奈与惆怅的。」家庭三部曲终于看完，这部编剧太妙，如果说「饮食男女」是在调和传统伦理与烟火世俗，那么这部则在调和中西、以及传统与现代的文化。PS：李安那惊鸿一瞥的客串。,2012-11-16 11:34:43
1303037,冷梦云,2,"我只想问男同胞们，你们喝醉酒了以后硬的起来吗。。。酒后乱性搞大了肚子的梗想想都恶俗
顺便：在90年代初敢跟有过同性性行为的男性无套内射，这女主我也是不敢不佩服啊",2018-02-17 03:30:15
1303037,张佳玮,5,越看越佩服归亚蕾。其他角色性格分明，她却简单没秘密，隐忍柔和，连接所有人；很难演，她却演得服帖，结合《饮食男女》《大明宫词》看更有奇效：麻辣梁伯母，酷炫武则天，您怎么给该死的老朱和男宠张易之当上贤妻良母啦？？,2018-04-13 12:58:04
1303037,小M,4,爸爸肯定也是gay的嘛，多明显啊~Simon是多么理想化的同性伴侣啊！金素梅太像叶童了~我喜欢李安这个系列的电影，很回味~还有赵文瑄实在是太帅了！噢，薛绍~,2009-12-23 17:06:22
3792799,荔枝超人,4,没想到2010年还能看到这样的电影，感到很幸福。,2010-03-25 23:10:06
3792799,麈生,4,當你發現時間是賊了，他早已偷光你的選擇,2010-04-18 18:02:06
3792799,Santa Evita,4,本来只觉得是个俗套又滥情的故事，特别不明白为何要以哥哥死于血癌当主线；直到看到相关报导，才知电影是导演自传，情节基本全是真的：小男孩就是导演自己、鞋匠夫妻就是他父母、他哥哥真的早逝了。于是我们知道了这故事的后续：那小男孩长大后当了导演，让全世界都知道他有过这么一个哥哥。,2015-04-24 17:25:50
3792799,离,4,每个人都有一场被岁月偷走的记忆。眼泪流了那么多，但丝毫不觉得煸情。节奏虽慢，但不琐碎。很喜欢李治廷的表演。这一场感动，来得无比自然、真实而朴素。难一步，佳一步。一步难，一步佳。有这样的爸妈，我们难道没有理由看得见天空中同时出现的两条彩虹吗。另，海报上明明不可以少了李冶廷的份嘛。,2010-03-25 00:08:48
3792799,Doublebitch,5,弟弟偷了能偷的一切给哥哥，可哥哥被偷走的却是生命。,2010-04-11 13:20:19
3792799,木卫二,4,哥哥倒下到弟弟接力的精英回首，父亲的道别和母亲的无奈，隔一层玻璃观看的热带鱼和上世纪60年代的深水埗,2010-03-24 10:16:49
3792799,痰盂猛鬼,5,突然觉得吴君如如此美丽.,2010-04-02 17:33:52
3792799,艾小柯,3,老演员表现非常精彩，新生代与小演员则一塌糊涂；布景与摄影都很粗糙；台词过分直白外露，细节安排不周到，刻意煽情；太情节缺乏深度，除了亲情尚有力度，其余都是苍白的怀旧。,2010-06-15 13:54:27
3792799,吴慢慢,5,“在变幻的生命里， 岁月，原是最大的小偷。”我喜欢这种褪色的温情脉脉。,2010-03-12 13:42:48
3792799,あおい,4,全放映室的大叔大哥都在抹眼泪，更别说女生了，这电影点了香港人的泪穴,2010-03-14 23:46:50
3792799,比多,2,我们的眼泪到底有多廉价？,2010-04-24 23:04:26
3792799,喜觀,5,"人生总是一日难，一日佳。
过去的总归是好日子。",2010-03-19 12:54:46
3792799,少言,5,如果你觉得只要电影里有人得白血病那么这部电影就是烂片的话，你不就不要看这部片了。,2010-04-12 22:24:56
3792799,昏金暗玉,5,它讲述了一个前途光明的年轻人死于绝症的故事……煽情处是编剧精准计算的，但小孩子的演绎天然发挥让煽情真实好多。黄金一样的色调和过去情怀，其实不需要死亡也可以表现出岁月流逝的伤感和来日可追的信心。,2010-04-02 17:38:49
3792799,sasasasa,4,并未洗净铅华，却用最自然的从容令人动容,2010-03-20 19:30:48
25724855,Fay Kellum,5,电影开场一个半小时：卧槽原来这孩子是男的！！！,2015-10-20 13:15:26
25724855,沉歌,4,小演员没提名最佳男主角，一定是为了把小金人让给莱奥纳多。,2016-02-21 03:01:03
25724855,亵渎电影,4,小男孩才是真正的主角，故事站在受害者的视角上，讲心理自救，母亲努力让儿子和同龄的孩子一样，故事选择了一个非常有趣的切入点，环境改变到内心改变，一切都以小男孩的情绪展开，很有难度，所幸小男孩的演技是奥斯卡级别的，剧本是模式化的类型片写法，前一个小时非常完美，拍的工工整整。★★★★,2015-12-17 13:57:07
25724855,傻乐的猫,5,Babadook 2.0.娘送我一颗烂掉的牙，我还娘一头秀发，这母子情的信物把那些男女，男男，女女，各种爱情全比得没影了。最爱的角色其实是奶奶的丈夫，是要多温柔善良的人才能耐心去慢慢抚平脆弱的小心灵。,2015-12-20 04:21:39
25724855,麻绳,4,被偷走的岁月，被伤害的生命，被禁锢的灵魂，终将被希望和善意救赎。,2016-01-11 00:56:08
25724855,欢乐分裂,4,3.5入；被小主角打动好多次，那个在成人眼里充满黑暗龌蹉的“房间”，却是他童年梦幻的乐园，可以和光影追逐，可以和家具嬉戏，孩子无穷的想象让密闭空间变得无穷大，前半部拍得既美丽又残酷；融入外界后线索较芜杂，没有处理好，“你又救了我一次”和告别仪式真催泪。,2016-01-05 22:57:32
25724855,影志,5,“我们不知道自己喜欢什么，所以每样都试试…这世界上有那么多东西，有时候还很恐怖，但是没关系，因为还是你和我在一起…”缩小的房间，变大的世界，2015像《阳光小美女》一样的惊喜黑马之作。结尾和房间再见有强力泪点：“再见盆栽，再见椅子一号和二号，再见桌子，再见衣柜，再见水槽，再见天窗…”,2016-01-03 21:17:49
25724855,帕拉,4,用孩子视觉掩盖一个冰冷世界，第二次走出“房间”说byebye才真正的走出了房间。“我是个坏妈妈”“但你是妈妈”。世界险恶，但还是很美好的。故事不煽，依然感动。,2015-12-19 01:06:03
25724855,匡轶歌,4,小童星的演技天分闪耀，令人惊叹，不是该给个表演奖的问题，是险些威胁了小李子。故事讲述了两次出逃：一次是物理性、空间性的；一次是精神性的“心牢”，说导演后半段跑题走偏的，大概心理预期只满足于看个惊悚片。原声音乐的作者是谁？中间高潮部分完全照搬<点球成金>的一段旋律，听得也是出戏。,2016-01-09 15:32:13
25724855,Pirouette,5,女警察询问那段。。热血沸腾,2016-02-05 18:49:34
25724855,心生,4,没想到是这样一个故事，小男孩扮演者雅各布·特伦布莱的表演实在太让人惊讶了！以小男孩的童趣视角来推进一个悲惨的故事，屋里屋外，成年与童真，既对立，又统一，“我本该高兴的啊”。最后小男孩跟那些物件告别的时候，太揪心了。但有一点不太通吧，施虐者为什么抛下了小男孩儿？,2016-01-18 00:53:28
25724855,艾小柯,4,克制而细腻，在基于母亲的事件论述和儿童视角中获得了平衡。前半部分和后面的节奏把握都很好，小演员的表演令人震惊，一个孩子的真实而纯洁的灵魂，大美。,2016-02-04 00:15:06
25724855,黄青蕉,5,确实好电影，低成本，无炫技，本以为会很无聊，没想到俩小时里基本没有走神的时候,2016-03-01 10:27:01
25724855,xīn,5,获救或创伤治疗的故事本身俗套，杰出之处是对那个孩子经验的世界的展示，我们都曾独有那个先验的经验主义的特异时空，却最终被这个符号的单一世界取代，有人温柔告别有人没有告别有人甚至忘了它的存在。问题不在于world解放了room，而是我们应该将room扩展至world，如果这真的是德勒兹的世纪。,2016-02-01 22:34:01
25724855,davekozg,4,终于明白为什么纵然逆天如卡罗尔里面的女王大人，今年影后的赔率还是不如 Brie Larson了，演得真好。虽然后半段节奏有瑕疵，但故事说得挺完整 #向过去告别才能拥抱新生活的开始，否则就永远是个阴影#,2015-12-05 14:53:21
1293964,时间的玫瑰,5,早期的剧，译名那叫一个经典，那个时候有匠人精神。,2009-12-06 17:02:43
1293964,果酱☮,5,真正的经典电影绝非是口口相传，继而跟风装B，而是即便过了那么多个时代，如今看来依旧让人发自内心由衷地喜爱它称赞它。此片真的是经典，费雯丽的表演震慑人心令人难以忘怀。尤其是从她极为迷人的大眼睛流露出的眼神里包含着的各种情绪（而不是像如今很多女星那般眼大却无神），羞涩甜蜜幸福绝望绝决,2009-02-19 05:45:50
1293964,铎奇,4,真爱不是订婚之后隔天就跑去打仗再无音信，真爱是一起去车站揽活儿。Kitty才是真爱Myra。,2012-12-20 04:30:48
1293964,朝暮雪,4,身体是你自己的，你不需要为自己失身而感到抱歉。,2017-04-19 10:23:49
1293964,Rivers,5,山盟海誓玉人憔悴 月缺花残终天长恨,2010-01-24 11:31:11
1293964,宋小君,5,那么多爱情，都在等待中蹉跎了。别让你爱的人等你太久。,2012-07-15 23:01:30
1293964,战国客,5,经典！只是一切已经走不出《乱世佳人》的影子了~~,2009-06-06 11:14:43
1293964,冰红深蓝,4,片子本身中规中矩，费雯·丽演技要加分！全片明确回避了“prostitute/whore”词汇，爱情戏也拍得比较克制，滑铁卢桥自杀场景的剪辑很棒，主题曲《Auld Lang Syne》闻名遐迩，让人百听不厌~ 但个人极度不赞成电影宣扬的这种保守甚至扭曲的价值观，更喜欢女二号的性格和思想。（8.0/10）,2015-03-21 14:29:35
1293964,囍夭夭,3,中国式内在的美国电影。。。,2009-11-19 23:03:49
1293964,水果杀手,3,为什么女人为了活下来去做妓女就会使家族蒙羞？为什么男人为了战争而杀人就可以称为英雄？这种古典的男权的价值观实在不值得称颂和传承。,2016-12-09 19:11:23
1293964,宇宙,5,小时候跟妈妈在电影院看的 还记得妈妈哭得不成样子 爱情 尤其是残破的爱情 是可以穿越时空 打动任何人的,2008-04-28 15:01:46
1293964,Q。,4,“我爱你，我从未爱过别人。”经典的爱情故事就是无论发生在什么年代，无论是在什么样的文化差异下，都能够唤起大家共鸣的情愫。★★★★,2012-03-02 02:29:47
1293964,遇见彩虹🌈,5,《魂断蓝桥》不愧被誉为电影史上三大凄美不朽爱情影片之一，看过很多遍。,2017-11-22 13:01:12
1293964,超级英雄发骚友,4,难以想象这部美国电影竟是近80年前拍摄出来，水准之高让人咋舌，观影过程非常投入，纯洁的爱情让人心生感慨，结局之悲哀让人无比痛心，估计当年在电影院赚了不知道多少美国人的眼泪。说回故事，故事脉迹非常简单易懂，一个纯真的女人因爱人之死心灰意冷，落魄到需要出卖自己的肉体，电影在处理这一段时非常含蓄克制，由始至终没有出现过多显眼台词去提醒观众女主角的卖肉事实，可是却让懂的人更为着急，重逢一幕让人感动，最终的悲剧却是那个时代的悲剧，即使没有任何人强迫女主和爱人分开，其实分离的悲剧早已注定，很难想象一个军官能够顺利迎娶一个美丽的妓女，风言风语自是必然，最关键的是女主自己也接受不了自己的背叛，内心的煎熬如何能够度日，难道真的唯有一死才能结束？在现代观众看来，其实爱情中产生的巨大挫折有何尝不是自己性格弱点所造成,2019-03-21 15:56:39
1293964,第十个缪斯,3,说实话有点失望,2008-09-19 14:02:19
26615208,潋 | Béatrice,5,absolutely fantastic！不哭闹、不控诉、不暴力、不煽动，用出类拔萃的才华让质疑者闭嘴，用真诚、努力和时时刻刻对自己权利的争取来赢得机遇和认可，机会和人生都是自己创造出来的。作为同样每天都面临种族和性别歧视的人，被这部电影的无数细节狠戳泪点。最后，向三位女性先驱致敬。,2017-01-01 15:04:34
26615208,朝暮雪,4,谢耳朵做梦也没想到，他也有智商被碾压的一天。,2017-01-23 03:57:15
26615208,鲁闽,5,这部电影当然是讲黑人平权，但其实也讲了一句更加朴素的真理：机会是给有准备的人，肤色让这些黑人女性本能地更具有危机意识。,2017-02-06 22:57:17
26615208,私享史,5,作为一个黑人女科学家的三座大山：第一座是肤色、第二座是性别、第三座是肤色加性别。,2017-01-28 09:48:39
26615208,粽人府,5,鼓舞人的是，影片没有歇斯底里控诉黑人如何受到不公待遇，不悲情，不煽情，不滥情，而是用实际行动去证明自己能力和价值，这才是对待生活压迫应该有的态度。向她们致敬。,2017-02-02 00:26:35
26615208,Ann,5,"Amazing work by those heroes behind the scene!我们今天所享受的一切平等与不那么平等，都是由无数女性、少数裔前辈斗争得来的。其中受教育的机会是我最感恩的, never take anything for granted.",2017-01-16 07:57:16
26615208,戴皮卡丘帽的熊,5,主线剧情紧凑，三个女主各有各的故事。每个人都在用不同的方式为着同一个目标抗争着。叙述十分平铺直叙，对于当年的不平等不加重描写也不一带而过，反而更加有力。副线情节有点连不上，Jim Parson真的努力在不演Sheldon了但是这个角色实在太像，辛苦了。配乐大赞。,2017-01-07 12:30:36
26615208,一念,5,看完有种立刻投入工作当中去的冲动,2021-02-12 21:22:46
26615208,Blueberry Pie,3,看完全剧最难忘的一镜是，Catherine冒雨跑半mile去另一角的color bathroom，回来后被上司责骂去了哪里，在办公室中那一爆发。全剧仅此一次，其他时间所有人，不辩解，不争吵，努力工作，让自己变的有价值被看见，赢得名副其实的尊重,2017-01-13 15:58:52
26615208,同志亦凡人中文站,4,爱国主义＋肤色平权＋女性革命，这个时候比任何时候都需要政治正确，因为只有在失去它后我们才发现它的不可或缺。曾经黑人需要坐在隔离区，曾经女性不能进会议室，有偏见就会有第一个打破偏见的人，历史不会永远hidden。,2017-01-22 18:58:01
26615208,Messi,5,配乐、表演很不错，用喜剧的形式表现种族问题，很可贵。 全场爆笑，中间有几次鼓掌，最后全体起立鼓掌。上座率95%以上，后来进来的都很难找到座位。,2017-01-09 09:21:07
26615208,巨米雨,5,五星并不是代表是最好的，只因我们依然需要这样的电影。意外的明亮欢快。知道是主旋律刻意煽情，可还是无法控制的被打动。看到人类曾经因为肤色不同而被隔离区分觉得不可思议，此时今日，我们还有多少理所当然的不平等等待着未来的不可思议？我无法改变自己的肤色，因此我别无选择，只能成为历史第一人,2017-02-17 13:28:32
26615208,铎奇,4,"NASA还是好。眼泪盈眶好几次，明知道是电影刻意为之，还是买账。身为学界女性，类似事件多多少少都遇到过，知道有多不容易。""I know you probably believe that.""",2017-01-18 09:08:07
26615208,柯里昂,4,必须说，对本片的喜爱胜过隔壁的月光男孩，即使抛开肤色和性别，本片的题材和故事仍旧能够引人入胜，任何丰功伟业的背后都少不了“Hidden Figures”，三位女性在“种族歧视”和“性别歧视”的种种压力下所表现出的坚韧和勇敢无法不令人动容，相比之下，肯尼迪和马丁·路德·金的演讲似乎也只能沦为陪衬,2017-01-18 15:26:41
26615208,匡轶歌,4,很好看！平权片不是太多是远远不够，希望每年至少一部。种族和性别歧视的双重困境下坚持伸张自身权利，三位女性先驱的态度和魄力可爱可敬。尤其法庭上面对白人男法官那句从容而掷地有声的宣示：“我无法改变自己的肤色，因此我别无选择，只能成为历史第一人”。是的，历史总是由“第一人”率先翻页的。,2017-01-28 21:43:29
1428175,单线程青年,5,抵制血钻~~~BS为了小破石头的虚荣而不惜以采钻者血的代价来实现的女人们~~~要是我吗，冰糖也能当钻戒,2007-04-05 08:12:52
1428175,海心,5,每个国家都曾经是非洲,2008-01-20 17:11:12
1428175,dormant,3,套着uncle sam一贯的假惺惺救世主外衣，其实就是纯popcorn片，看着挺娱乐的。,2006-12-25 21:39:27
1428175,🐖,5,如果早拍10年并换个更有质感的女主，比如年轻时的梅里尔斯特里普，这部片应该能成为另一个走出非洲。除了探讨血钻主题，事实上影片也探讨了很多其他的宏大命题如战争、儿童兵、不绝对的正义与邪恶、生命的意义等。且并不显得突兀，很好的融合在剧情里。剧本有张力，Leo表演很赞。后半程配乐不错。,2011-03-03 23:22:16
1428175,布宜諾斯,4,但愿看过这片子的人以后都不再向往钻石,2008-09-20 13:29:59
1428175,大头绿豆,4,又是一个Leonardo适合的角色，彪悍的小混混。“几内亚，100万人的非洲第二大难民营，但在电视上，最多只能播1分钟新闻，在体育和气象之间。”,2008-03-03 09:00:27
1428175,冰红深蓝,5,影片并非毫无瑕疵，也确实不够深刻，但在同类题材中已是翘楚。非洲的种种深重苦难、内战和血钻的残酷来历都令人震撼，片中还借女记者之口自讽我们都在消费别人的痛苦，一语中的。剪辑和摄影都可圈可点，小李子演技好到让我第一次真正喜欢上他了。故事本身十分沉重悲怆，詹妮弗康纳利太养眼。（8.8/10）,2015-07-19 01:18:46
1428175,罗弘霉素,5,小李一直在努力，非常非常努力，虽然冲奥之路很坎坷，但是这些历练一定不会白费。期待你的《胡佛》《了不起的盖茨比》,2012-01-09 12:18:52
1428175,司令,5,在去南非的飞机上看的。本来觉得就不买钻石了，最后居然还是忍不住买了一颗。,2014-03-03 20:31:42
1428175,幸福的奶黄包,3,对于这样的现实题材电影，真的是不好评价。明明是略显文艺的剧情片，却拍的和爆米花电影一样，就像机器加工出来的，煽情部分和动作场面被安排得严丝合缝，刚煽完情就打架，打架打累了再煽情。但是电影想要表达的东西是值得关注的，钻石行业的内幕以及非洲社会的军事安全，让人触目惊心。,2014-12-11 01:52:00
1428175,白一刀,4,“几内亚，100万人的非洲第二大难民营，但在电视上，最多只能播1分钟新闻，在体育和气象之间。”,2010-06-30 16:26:11
1428175,战国客,3,很久不见，莱奥纳多已由偶像派转为实力派了。与非洲有关的电影，看得多了，总觉得都是一个套路了，战争、孩子、人性、爱情，有点免疫了~~,2008-07-30 10:14:56
1428175,六月安生,5,没有买卖就没有杀戮，这样的非洲是我不曾了解的！,2012-01-15 21:52:51
1428175,ﾐﾉﾑｼ,5,电影里有一句貌似“一个年轻人花三个月的薪水为爱人买钻戒，可谁知道背后间接的为苦难带来更多利益”其实钻石常常都不代表幸福。,2010-01-29 15:04:03
1428175,Doublebitch,5,很有力的人性片,2008-11-24 20:32:00
1291936,一一,4,7.5/7.9 我想押井守做为一个日本人他与西方人截然不同的是他意识到操纵这个未来世界的不是华丽的想象，不可思议的科技或者是花哨的打斗，而是人本身理智与感性的不断矛盾冲突，这个冲突在物质化世界所激发的人的情感上的忧伤与绝望将缠绕人的灵魂久久不能散去，无论他们的肉体是如何铁一般强硬。,2009-06-17 04:06:06
1291936,粟熙,5,剧情是晦涩的，场景描绘是牛B的，音乐是难以忘怀的，意义是划时代的。,2009-03-18 19:48:18
1291936,同志亦凡人中文站,5,革命性动画，看到了后来“黑客帝国”、“盗梦空间”等片的雏形。关于生命体的进化和繁衍、人类意识的植入和剥离，充满后现代的哲学思考。震撼！,2016-09-16 08:57:54
1291936,荞麦,5,1995年的作品，确实是神作。但印象最深的是配乐，尤其是一段毫无意义的破败街景配合着音乐和雨……在科幻中运用非常传统的日式配乐和声音真的太棒了。,2016-03-05 23:57:00
1291936,桃桃林林,5,我来晚了,2007-09-02 11:33:09
1291936,伊谢尔伦的风,5,巴特第一次被甩。,2011-04-13 13:47:53
1291936,木卫二,5,你中有我、我中有你的存在困惑，造福人工智能题材的经典电影母题，新与旧融合的香港城市灵魂，深水静流的川井宪次配乐……中间起《傀儡谣》的疏影摇曳雨中城市，制造出了凝视深渊的人类命运忧伤。,2007-05-26 20:26:20
1291936,米粒,5,屌，从头至尾都让人惊叹啊，虽然说像银翼杀手可的确又是另一种感觉，日本人的哲学吧。配乐真是太赞了，有洗脑的作用！用桃姐的话来说就是“我来晚了”。。。,2012-08-26 03:52:58
1291936,巴喆,5,基督、卢梭、黑格尔、叔本华、尼采，都是西哲概念的具象化啊！8.8,2014-05-13 23:45:18
1291936,冰红深蓝,5,"1.极具哲思的赛博朋克动画,灵肉关系,人工智能,生命本质,身份与记忆。2.氛围营造绝佳,尤以自然博物馆决战为最,沉郁配乐,完美烘托出迷茫与忧伤,进化树。3.老旧香港城区与高科技的反差,颓败雨中都市令人想及[银翼杀手]。4.热光学迷彩和义体人设定很赞。5.你我犹如隔镜视物,所见无非虚幻迷蒙。（9.5/10） | 大银幕重温4K修复版，惊觉那两段城市空镜蒙太奇予人的震颤甚至超过了AI自我意识的苏醒及灵魂交融后（“信息海洋中”）新生命的诞生。城市后景竟而逼真如照片，参差破落的城寨vs.平滑高大的楼宇，掠过城寨的飞机，无尽的汉字招牌，霓虹映照的冷雨，孤独、暧昧又迷离。潜入水底一如重回母腹，黑暗孤独后上浮重生~ 无论如何，原生的个体自我总是难以捉摸、不断变化又受困有限的，成为“后人类”是光明未来吗？",2016-03-31 17:36:23
1291936,次等水货,5,看完就会理解《花束般的恋爱》里男女主见到大神押井守时的反应了。,2022-08-16 23:00:26
1291936,匡轶歌,4,《攻壳机动队》从《神经漫游者》《银翼杀手》扒梗，《黑客帝国》又从《攻壳》扒梗…，徒子徒孙一片繁荣之际，作为 cyber punk 开山老祖宗的《神经漫游者》却直至现在都没有被拍成电影…然后还有一帮无知的瓜娃子读过小说后埋怨它“太过时”。啊呸！它不是“过时”，是【太超前】，是开创和预见了一个时代，好吗？,2015-06-29 19:47:13
1291936,战国客,4,这还是动画片吗？,2009-04-04 16:33:21
1291936,拔剑四顾心茫然,5,舍弃了脆弱的肉身，向更坚硬的灵魂靠拢，这可以说是完美，但并非是种完整。打破了渺小的自我，朝更庞大的网络迈进，这可以说是升级，但并非是种升华。今天在记忆中迷失的我是谁，明天在思考中混乱的谁是我。无数个林林总总的声音在耳畔此起彼落，当信仰与科学都不能说明生命是什么，接下来该作何选择。我们常说科技是为人类服务的，而在诸多漫画和影视作品中，作者都提供了一种悲观视角：人类最终会成为科技的奴仆。不管是手机，电脑，网络，科技越发达，人类的自我感知界限就变的越模糊，“自我”也越来越难以成型，因为自我的形成源于摆脱信息流的控制，而当自我形成以后，原本的自己反而被自我所限制，于是又在网络中寻求更高层面的解脱，就连傀儡师所谓的融合，也不过是从一种虚无遁入另一种虚无罢了。不曾想如此厚重的命题，是在动画中提出，有趣。,2020-05-01 23:38:59
1291936,Arch-Murder,5,押井守，鬼。,2010-01-21 16:35:29
26374197,Oliie~,4,"谁能想到索尼居然在2018年的最后一个月用一部超级英雄动画挑战了迪士尼在动画奖项上的霸权？
虽然主题上还是老调重弹，但动画在内容和形式上的选择远比真人影片自由。漫画式的视觉呈现，极具个性的色彩搭配，诞生了最贴近漫画原作的蜘蛛侠作品。六个蜘蛛侠各具特色（其实不止六个），但颓废版的Peter Parker无疑是我的最爱：一个步入中年，陷入人生低谷，却依然有着自我牺牲精神的英雄。哪怕嘴里说着不要让我听到“能力越大，责任越大”，却还是身体力行地实践着这句话，蜘蛛侠精神的最完美体现。
最佳蜘蛛侠电影！最佳斯坦李彩蛋！最佳片尾彩蛋！",2018-12-02 17:20:57
26374197,桃桃林林,4,今年最好看的动画长片了。视觉实在太突出，冲这个就可以二刷了。还有很强的漫画感，各种字幕、对话框、随心所欲的画风与丰富的视觉元素。同时，剧情也不落后，精彩又有趣，何况还有六个蜘蛛侠大聚会。能把一个老套的超级英雄成长话题，讲得这么吸引人，甚至还有泪点。片尾字幕致敬了斯坦李，以及，千万不要错过最后的彩蛋哦，非常好笑哦。,2018-12-06 19:20:27
26374197,影志,5,每一分钟都是惊喜！爸爸我爱你、零鸭蛋、卖蜘蛛服的收银员斯坦·李、“让他良心不安！”、穿斗篷的蜘蛛侠、有肚腩的中年发福版蜘蛛侠、蜘猪侠…哈哈，先笑一会儿…“知道自己不是一个人的感觉真是太棒了” 整个观影心情就是：新奇-大笑-感动，此起彼伏接连不断。“最让我们难受的是，你不能每次都救得了人” 机甲蜘蛛侠装备损坏时的那个“爱你”，是堪比《月球》Gerty机器人出现落泪表情的感动瞬间。爸爸的那句 “有时候人和人的关系会变得疏远，但我不希望这发生在我和你身上” 简直让人暴毙。这部电影就连剪辑、配乐等技术都是动画里的一流，2018年度动画最佳！,2018-12-15 16:52:58
26374197,木卫二,3,“做你自己”的老生长谈，以及又一套颜色正确的、绝对安全低龄、纯娱乐向的宇宙拓宽类型，尤其是穿插而来的其他“被咬”宇宙，真的是画风乱飞，最后全幕乱扭。,2018-12-14 21:23:10
26374197,西楼尘,3,不熟悉的超能力总归会熟悉，不合身的蜘蛛服以后会合身，每个人不都是这样跌跌撞撞长成了大人。练习着弹跳节奏，把控着吐丝能力，仿佛被毒蛛咬过的身体某天开始发育，这个世界宣告你要承担更大的责任了。所以长了肚腩的彼得·帕克，最不想听这句话，只想在穿梭来的平行时空里，对心爱的女孩说一声抱歉。,2018-12-16 18:12:28
26374197,舌在足矣,5,自山姆·雷米「蜘蛛侠2」以来最佳蜘蛛侠电影！无论是漫画式的画风，还是迷幻的色彩，动画的形式彻底释放了多元宇宙的潜力，第三幕的异次元大战更是好莱坞动画近年来最具想象力的一幕。文本方面，既有蜘蛛侠一贯的成长的烦恼，还通过平行宇宙引入了超级英雄的中年危机，更不用说对蜘蛛侠系列各种老梗的致敬与恶搞，以及可能是最好的斯坦李客串。最讽刺的是，这片里出现的每一个蜘蛛侠都比现在MCU里荷兰弟的版本有趣,2018-12-10 10:27:02
26374197,朝暮雪,4,"1.电影讲述男孩迈尔斯被受到辐射的杨永信咬了，变成磁爆步兵、雷电法王，获得“电击疗法”的技能，从而打败敌人的故事。
2.白人、黑人、男人、女人、大人、小孩，甚至猪都当了蜘蛛侠。
3.从《独立日2》到《毒液》再到《蜘蛛侠：平行宇宙》，QQ的业务已经拓展到了外国、月球，以及其它宇宙，腾讯已经称霸银河系，成为宇宙第一企业。
4.电影很戳泪点。
号称“最丝”的超级英雄都穿上了OW联名AJ1，我看着自己的阿迪王默默哭出了声。
5.一年死两次彼得帕克，每次都有新感觉。",2018-12-16 17:14:38
26374197,亵渎电影,4,看了场IMAX，非常爽，比真人版的超级英雄电影更爽，特效场面非常酷炫，而且还干净，画风就像漫画分镜直接动起来，有很多想象力和表现力爆棚的镜头，是真人电影无法达到的，这就是动画的优点，就算它画一些真人做不到的东西，你也会相信，还会觉得酷，因为它是动画有别于真人电影的魅力所在。虽然有7个蜘蛛侠，但还是噱头式的彩蛋人设，7个蜘蛛侠更是共用一个演过无数遍的老掉牙的故事，虽然无聊了点，好在视觉效果真的非常酷炫，看到这部的完成度，以后都不想看那些所谓的国产良心动画了，想追上人家这水平这业务能力，真不知道是什么猴年马月了。,2018-12-20 16:20:15
26374197,江湖遠人,4,千万不要当蜘蛛侠的Uncle，会没命的。,2018-12-22 00:48:38
26374197,桑下,5,我这是什么命！一年看两部带Peter Parker的电影，一年为他哭两次！这是海澜蜘蛛吗？！！！！,2018-12-19 05:33:11
26374197,陀螺凡达可,4,今年最好看的商业动画片，美漫改编电影的最完美形态。,2018-12-16 16:54:09
26374197,大聪,5,"斯坦李说：蜘蛛服会合身的，总有一天它会合身的。听完这话有些惆怅。影片用斯坦李这句话贯穿影片，新塑造的颓废蜘蛛侠，面具下是我们平凡人的日常烦恼，超级英雄也是人。为何要做动画片了，因为那惊奇的镜头运镜，丰富的想象力，炫彩的颜色，是真实拍摄无法比拟的。
最后字幕有彩蛋，别走开，正式开启多宇宙蜘蛛侠。",2018-12-07 00:17:58
26374197,APTX-4869,5,"我TM吹爆！这是一部看完想让人出去荡秋千的片！华纳应该来看看多个不为人所知的超级英雄的电影怎么拍！有成长有救赎有令人想哭的死亡也有令人捧腹大笑的场景（还不是妇联那种强行联动）还解决了一直以来的cp站队问题！高中组配Gwen成人组配MJ！画面太美了（这是我见过的最会玩的片头logo）（回头等bd到了截图自己打印海报去） 配乐又长又棒还经典以及各种应景（所以ost也是躲不掉的了） 最后 给那些看不起动画片的人一句""Do you have a problem with comic?""",2018-12-08 23:41:50
26374197,谢谢你们的鱼,5,太特么好看了，年度最佳动画，最佳超级英雄电影，最佳镜头设计，最佳视觉效果，最佳配乐，最佳场面设计，没想到索尼哥伦比亚居然掀起了一场全新的动画革命！,2018-12-16 16:54:40
26374197,同志亦凡人中文站,4,看过的蜘蛛侠系列最佳，漫威这是要冲击奥斯卡最佳动画的节奏啊！六个宇宙的蜘蛛侠（女）集合大作战，有成长有恶搞有热血，时不时还打破次元壁一下。Stan Lee老爷子特出的彩蛋好感人~~~~~~~~~“每个超级英雄都不孤单！”,2018-12-15 15:59:34
1307394,晚安小姐,5,爱情是一场没有尽头的虚幻追逐,2008-06-27 00:43:18
1307394,弗朗索瓦张。,4,剪辑跟分镜做得比大多数真人电影还要细致！,2009-02-05 17:17:19
1307394,颜小兽,5,太敢想了，前一刻钟都没有入戏，入戏以后觉得时间飞快。故事再复杂画面再花俏都没有关系，主题超简单，简单到想哭：我爱你，穷尽一生也要找到你。我不能向糟糕的一切投降，糟糕的标准，糟糕的规则，糟糕的世俗标签，都离我远一点。那些狂喜和剧痛，那些寻找和梦想，都是爱的代价。但我觉得值。,2011-10-05 23:58:19
1307394,A-sun*,4,剪辑要不要这么这么好。,2010-01-10 22:54:33
1307394,寂地,5,"看到后来哭得岔气了..不是悲伤的,那是让人觉得几乎有某种幸福感的温暖.不知道该如何形容.",2006-01-01 16:36:02
